subject,idna_subject,expiration_date,epoch,registrar
011bank.com,011bank.com,22-jul-2023,1689984000.0,"Sav.com, LLC"
006.co.il,006.co.il,06-mar-2023,1678060800.0,Star network and promotion Ltd
025g.top,025g.top,24-mar-2023,1679616000.0,Alibaba Cloud Computing Ltd. d/b/a HiChina (www.net.cn)
025sn.com,025sn.com,29-mar-2023,1680048000.0,"GoDaddy.com, LLC"
012345bet.com,012345bet.com,28-feb-2023,1677542400.0,"Bizcn.com, Inc."
03.by,03.by,15-apr-2023,1681516800.0,"Open Contact, Ltd"
027sn.com,027sn.com,16-jul-2023,1689465600.0,Alibaba Cloud Computing Ltd. d/b/a HiChina (www.net.cn)
0517.info,0517.info,08-aug-2026,1786147200.0,Alibaba Cloud Computing Ltd. d/b/a HiChina (www.net.cn)
0591234.com,0591234.com,15-jun-2023,1686787200.0,"GoDaddy.com, LLC"
081.co.uk,081.co.uk,09-oct-2023,1696809600.0,
0871ye.com,0871ye.com,22-jan-2023,1674345600.0,ALIBABA.COM SINGAPORE E-COMMERCE PRIVATE LIMITED
0851sn.com,0851sn.com,04-jul-2023,1688428800.0,"DNSPod, Inc."
0mmo.net,0mmo.net,29-may-2023,1685318400.0,Porkbun LLC
0nline.info,0nline.info,08-apr-2023,1680912000.0,"Sav.com, LLC"
100bestitaliansparesorts.com,100bestitaliansparesorts.com,18-jun-2023,1687046400.0,Tucows Domains Inc.
100fran.com,100fran.com,06-jan-2023,1672963200.0,"DYNADOT, LLC"
100mortgages.org,100mortgages.org,01-oct-2023,1696118400.0,"NameCheap, Inc."
100like.org,100like.org,13-nov-2022,1668297600.0,"GoDaddy.com, LLC"
100percentcommissionforrealtors.com,100percentcommissionforrealtors.com,15-oct-2023,1697328000.0,FastDomain Inc.
100milesmanhattan.com,100milesmanhattan.com,06-nov-2024,1730851200.0,"GoDaddy.com, LLC"
1080my.com,1080my.com,05-jun-2023,1685923200.0,"NameSilo, LLC"
1077thehawk.com,1077thehawk.com,05-sep-2023,1693872000.0,"CloudFlare, Inc."
10bet.com,10bet.com,17-jul-2023,1689552000.0,"GoDaddy.com, LLC"
10thousandroses.com,10thousandroses.com,03-may-2027,1809302400.0,"GoDaddy.com, LLC"
10x.one,10x.one,10-oct-2024,1728518400.0,"GoDaddy.com, LLC"
111ea.org,111ea.org,20-oct-2023,1697760000.0,"GoDaddy.com, LLC"
111producciones.com,111producciones.com,11-mar-2023,1678492800.0,"GoDaddy.com, LLC"
12-24club.org,12-24club.org,06-may-2023,1683331200.0,"NameCheap, Inc."
123apkbaixar.com,123apkbaixar.com,15-nov-2024,1731628800.0,"NameCheap, Inc."
123candle.com,123candle.com,28-dec-2022,1672185600.0,FastDomain Inc.
1234567bet.com,1234567bet.com,28-feb-2023,1677542400.0,"Bizcn.com, Inc."
123putlockers.co,123putlockers.co,02-aug-2023,1690934400.0,"NameCheap, Inc."
123pr.ru,123pr.ru,26-mar-2023,1679788800.0,REGTIME-RU
123456bet.com,123456bet.com,28-feb-2023,1677542400.0,"Bizcn.com, Inc."
12649.com,12649.com,29-jan-2024,1706486400.0,"GoDaddy.com, LLC"
12se12.com,12se12.com,04-mar-2023,1677888000.0,DropCatch.com 1363 LLC
13658bet.com,13658bet.com,09-jun-2023,1686268800.0,"DYNADOT, LLC"
13bills.com,13bills.com,19-apr-2023,1681862400.0,Dynadot16 LLC
13stages.com,13stages.com,28-nov-2027,1827360000.0,Web Commerce Communications Limited dba WebNic.cc
1453ahmedbaba.com,1453ahmedbaba.com,23-oct-2023,1698019200.0,ODTU Gelistirme Vakfi Bilgi Teknolojileri Sanayi Ve Ticaret Anonim Sirketi
1773657.com,1773657.com,24-jun-2023,1687564800.0,PDR Ltd. d/b/a PublicDomainRegistry.com
1800carjunk.ca,1800carjunk.ca,09-jun-2023,1686268800.0,"Go Daddy Domains Canada, Inc"
1-888probate.com,1-888probate.com,17-apr-2023,1681689600.0,"GoDaddy.com, LLC"
1877gogreen.com,1877gogreen.com,19-oct-2023,1697673600.0,"GoDaddy.com, LLC"
188bd.com,188bd.com,11-jan-2023,1673395200.0,Alibaba Cloud Computing Ltd. d/b/a HiChina (www.net.cn)
191gm.com,191gm.com,22-dec-2022,1671667200.0,"Alibaba Cloud Computing (Beijing) Co., Ltd."
194433.com,194433.com,03-nov-2023,1698969600.0,"GoDaddy.com, LLC"
1asaptransport.com,1asaptransport.com,20-apr-2023,1681948800.0,"GoDaddy.com, LLC"
1b1za.com,1b1za.com,02-nov-2023,1698883200.0,"NameSilo, LLC"
1am.fun,1am.fun,11-dec-2022,1670716800.0,Namecheap
1bayside.com,1bayside.com,16-mar-2023,1678924800.0,"Wild West Domains, LLC"
1billionmission.com,1billionmission.com,08-jun-2026,1780876800.0,"GoDaddy.com, LLC"
1clbc.com,1clbc.com,31-may-2023,1685491200.0,PDR Ltd. d/b/a PublicDomainRegistry.com
1consulting.pl,1consulting.pl,10-feb-2023,1675987200.0,
1deals.com,1deals.com,10-jun-2023,1686355200.0,"NameSilo, LLC"
1dollaradz.com,1dollaradz.com,28-nov-2022,1669593600.0,"NameSilo, LLC"
1coxplate.com,1coxplate.com,24-jul-2023,1690156800.0,Moniker Online Services LLC
1farda.com,1farda.com,16-apr-2023,1681603200.0,Dynadot14 LLC
1gvprime.com,1gvprime.com,23-mar-2023,1679529600.0,"Hongkong Domain Name Information Management Co., Limited"
1h.is,1h.is,03-may-2023,1683072000.0,
1malonepark.com,1malonepark.com,31-jan-2023,1675123200.0,Launchpad.com Inc.
1obmen.com,1obmen.com,06-nov-2022,1667692800.0,Dropcatch Landing Spot LLC
1nvoice.info,1nvoice.info,02-nov-2023,1698883200.0,Porkbun LLC
1rulebecool.com,1rulebecool.com,25-jul-2023,1690243200.0,"GoDaddy.com, LLC"
1shadmehr.com,1shadmehr.com,30-jul-2023,1690675200.0,Tucows Domains Inc.
1stchoicetints.co.uk,1stchoicetints.co.uk,05-feb-2023,1675555200.0,
1sttools.co.uk,1sttools.co.uk,26-may-2024,1716681600.0,
1stplanetarychurch.com,1stplanetarychurch.com,03-jan-2023,1672704000.0,"GoDaddy.com, LLC"
200btc.com,200btc.com,22-jun-2023,1687392000.0,Gname 004 Inc
1xa.ru,1xa.ru,17-may-2023,1684281600.0,REGTIME-RU
2011tappingworldsummit.com,2011tappingworldsummit.com,06-mar-2023,1678060800.0,Top Pick Names LLC
2016electionsgame.com,2016electionsgame.com,20-apr-2024,1713571200.0,"GoDaddy.com, LLC"
20dai-job.com,20dai-job.com,02-oct-2023,1696204800.0,"GMO Internet, Inc. d/b/a Onamae.com"
20eth.com,20eth.com,04-feb-2024,1707004800.0,"eNom, LLC"
20na.top,20na.top,27-dec-2022,1672099200.0,"DNSPod, Inc."
21mail.ru,21mail.ru,08-apr-2023,1680912000.0,BEGET-RU
234ihop.com,234ihop.com,01-nov-2023,1698796800.0,"GoDaddy.com, LLC"
23fiftysix.com,23fiftysix.com,01-aug-2023,1690848000.0,"GoDaddy.com, LLC"
247arlosupport.com,247arlosupport.com,09-jul-2023,1688860800.0,"GoDaddy.com, LLC"
24-7clinic.com,24-7clinic.com,21-aug-2025,1755734400.0,"GoDaddy.com, LLC"
247everydaysport.com,247everydaysport.com,01-nov-2023,1698796800.0,"GoDaddy.com, LLC"
247deliveries.com,247deliveries.com,26-apr-2023,1682467200.0,"DomainPeople, Inc."
247limocarservice.com,247limocarservice.com,22-mar-2023,1679443200.0,"GoDaddy.com, LLC"
24alfa.com,24alfa.com,25-sep-2023,1695600000.0,"NameCheap, Inc."
247sunbet.com,247sunbet.com,14-dec-2023,1702512000.0,"GoDaddy.com, LLC"
24car7insurance.org,24car7insurance.org,23-may-2023,1684800000.0,"GoDaddy.com, LLC"
24paybank.top,24paybank.top,10-aug-2023,1691625600.0,"NameSilo,LLC"
24samacharindia.com,24samacharindia.com,15-feb-2023,1676419200.0,"GoDaddy.com, LLC"
24visionsspl.com,24visionsspl.com,19-aug-2023,1692403200.0,PDR Ltd. d/b/a PublicDomainRegistry.com
280333.com,280333.com,30-jun-2024,1719705600.0,"eNom, LLC"
28057.com,28057.com,30-may-2024,1717027200.0,"GoDaddy.com, LLC"
2886000.com,2886000.com,15-mar-2023,1678838400.0,Dynadot6 LLC
28erp.com,28erp.com,01-oct-2023,1696118400.0,"Alibaba Cloud Computing (Beijing) Co., Ltd."
28hour.com,28hour.com,12-aug-2023,1691798400.0,"GoDaddy.com, LLC"
2933517.com,2933517.com,04-sep-2023,1693785600.0,"Bizcn.com, Inc."
298ff.com,298ff.com,02-apr-2024,1712016000.0,"GMO Internet, Inc. d/b/a Onamae.com"
29w.ru,29w.ru,14-dec-2023,1702512000.0,REGRU-RU
2agro.com,2agro.com,28-feb-2023,1677542400.0,"Soluciones Corporativas IP, SL"
2beecomers.com,2beecomers.com,25-nov-2022,1669334400.0,PDR Ltd. d/b/a PublicDomainRegistry.com
2bbu.com,2bbu.com,15-jul-2023,1689379200.0,"Hongkong Domain Name Information Management Co., Limited"
2cangames.com,2cangames.com,12-may-2023,1683849600.0,Google LLC
2clbc.com,2clbc.com,31-may-2023,1685491200.0,PDR Ltd. d/b/a PublicDomainRegistry.com
2cloud.cl,2cloud.cl,26-jun-2024,1719360000.0,NIC Chile
2date.club,2date.club,31-jan-2023,1675123200.0,Gandi SAS
2cocky.cz,2cocky.cz,15-mar-2023,1678838400.0,REG-WEDOS
2dehands-ibancontrole.info,2dehands-ibancontrole.info,29-aug-2023,1693267200.0,"eNom, LLC"
2dehands-verificatie.mobi,2dehands-verificatie.mobi,08-sep-2023,1694131200.0,"eNom, LLC"
2demotion.com,2demotion.com,31-mar-2023,1680220800.0,"DYNADOT, LLC"
2e70.com,2e70.com,25-feb-2023,1677283200.0,Epik Inc.
2life.it,2life.it,15-sep-2023,1694736000.0,
2-mi.net,2-mi.net,07-mar-2023,1678147200.0,OVH sas
2minut.com,2minut.com,05-may-2023,1683244800.0,"GoDaddy.com, LLC"
2mmalimusavirlik.com,2mmalimusavirlik.com,02-jun-2023,1685664000.0,FBS Inc.
2-nbdg.com,2-nbdg.com,26-jun-2023,1687737600.0,"Alibaba Cloud Computing (Beijing) Co., Ltd."
2sharehk.com,2sharehk.com,15-sep-2023,1694736000.0,Dynadot8 LLC
2t2internacional.com,2t2internacional.com,19-may-2025,1747612800.0,"GoDaddy.com, LLC"
2theninesvapors.com,2theninesvapors.com,04-jul-2023,1688428800.0,Hosting Concepts B.V. d/b/a Registrar.eu
2viadafatura.com,2viadafatura.com,30-aug-2023,1693353600.0,"GoDaddy.com, LLC"
301.link,301.link,30-nov-2022,1669766400.0,"Key-Systems, LLC"
304nottinghamway.com,304nottinghamway.com,09-aug-2023,1691539200.0,DropCatch.com 781 LLC
305streetministry.com,305streetministry.com,13-sep-2023,1694563200.0,Tucows Domains Inc.
30milenation.com,30milenation.com,03-feb-2023,1675382400.0,FastDomain Inc.
333acre.com,333acre.com,03-dec-2022,1670025600.0,DropCatch.com 1300 LLC
336events.com,336events.com,07-mar-2023,1678147200.0,"GoDaddy.com, LLC"
33blends.com,33blends.com,21-apr-2023,1682035200.0,Webcentral Group Limited dba Melbourne IT
35gx.cn,35gx.cn,24-oct-2023,1698105600.0,北京新网互联科技有限公司
360liposuction.com,360liposuction.com,26-jun-2023,1687737600.0,"GoDaddy.com, LLC"
360pm.org,360pm.org,19-oct-2023,1697673600.0,DropCatch.com 1339 LLC
365architectsamui.com,365architectsamui.com,15-may-2023,1684108800.0,"GoDaddy.com, LLC"
360trips.pk,360trips.pk,10-feb-2024,1707523200.0,
360atoll.com,360atoll.com,17-jun-2023,1686960000.0,"Name.com, Inc."
365change.net,365change.net,01-sep-2023,1693526400.0,"NameCheap, Inc."
365luban.com,365luban.com,23-feb-2024,1708646400.0,Gname.com Pte. Ltd.
365huayu.com,365huayu.com,19-jan-2023,1674086400.0,Gname.com Pte. Ltd.
37and40mikemike.com,37and40mikemike.com,21-feb-2023,1676937600.0,"DreamHost, LLC"
388123.cc,388123.cc,15-sep-2024,1726358400.0,"GoDaddy.com, LLC"
3datumcnc.com,3datumcnc.com,17-jul-2023,1689552000.0,"Hong Kong Juming Network Technology Co., Ltd."
3dmodel777.com,3dmodel777.com,19-feb-2024,1708300800.0,"TurnCommerce, Inc. DBA NameBright.com"
3drenderingcompany.com,3drenderingcompany.com,04-nov-2023,1699056000.0,Epik Inc.
3dk.fi,3dk.fi,03-aug-2023,1691020800.0,Planeetta Internet Oy
3dprintsibiu.ro,3dprintsibiu.ro,06-feb-2023,1675641600.0,H88 Web Hosting S.R.L.
3dtours.io,3dtours.io,21-jul-2023,1689897600.0,"GoDaddy.com, LLC"
3eeshkora.com,3eeshkora.com,25-nov-2022,1669334400.0,"GoDaddy.com, LLC"
3dwanhao.com,3dwanhao.com,20-jul-2023,1689811200.0,"OwnRegistrar, Inc."
3dprintneur.org,3dprintneur.org,22-sep-2023,1695340800.0,"GoDaddy.com, LLC"
3keys.it,3keys.it,14-mar-2023,1678752000.0,
3.ly,3.ly,21-jul-2023,1689897600.0,Libyan Spider Network (int)
3iomega.com,3iomega.com,20-nov-2022,1668902400.0,"GoDaddy.com, LLC"
3naizah.com,3naizah.com,03-apr-2023,1680480000.0,"GoDaddy.com, LLC"
3producciones.com,3producciones.com,11-jun-2023,1686441600.0,Neubox Internet S.A. de C.V.
3qpharmacy.com,3qpharmacy.com,15-nov-2022,1668470400.0,"GoDaddy.com, LLC"
3q-tw.com,3q-tw.com,15-dec-2026,1797292800.0,"Chengdu West Dimension Digital Technology Co., Ltd."
3qtaccessories.com,3qtaccessories.com,08-oct-2023,1696723200.0,"NameCheap, Inc."
3no.ro,3no.ro,28-sep-2025,1759017600.0,TES Euro Media SRL
3rdimension.co.uk,3rdimension.co.uk,18-jan-2023,1674000000.0,
3rdstreetmarket.com,3rdstreetmarket.com,05-jun-2023,1685923200.0,Tucows Domains Inc.
3s-me.com,3s-me.com,03-jun-2023,1685750400.0,"OnlineNIC, Inc."
3rdstreetsville.ca,3rdstreetsville.ca,10-jun-2028,1844208000.0,"Go Daddy Domains Canada, Inc"
3starcandy.com,3starcandy.com,18-dec-2022,1671321600.0,"NameCheap, Inc."
3rdsectordev.com,3rdsectordev.com,07-jul-2024,1720310400.0,PDR Ltd. d/b/a PublicDomainRegistry.com
3tailors.com,3tailors.com,29-oct-2025,1761696000.0,Web Commerce Communications Limited dba WebNic.cc
3yardsinthecloud.com,3yardsinthecloud.com,20-may-2023,1684540800.0,"Hong Kong Juming Network Technology Co., Ltd."
3z888.com,3z888.com,27-jul-2023,1690416000.0,MAFF Inc.
430gradi.com.br,430gradi.com.br,31-jul-2023,1690761600.0,
44466666.com,44466666.com,22-apr-2024,1713744000.0,"eNom, LLC"
420907style.com,420907style.com,14-jan-2023,1673654400.0,"Wild West Domains, LLC"
4466666.com,4466666.com,12-jun-2024,1718150400.0,"eNom, LLC"
452933.com,452933.com,06-mar-2023,1678060800.0,"Name.com, Inc."
4666.co.kr,4666.co.kr,09-jun-2023,1686268800.0,Dotname Korea Corp.(http://www.dotname.co.kr)
456oxlw7li43o.com,456oxlw7li43o.com,19-apr-2023,1681862400.0,"GoDaddy.com, LLC"
4888365.com,4888365.com,15-nov-2023,1700006400.0,"GoDaddy.com, LLC"
4babysleep.com,4babysleep.com,10-jan-2023,1673308800.0,FastDomain Inc.
4asicurezza.it,4asicurezza.it,11-nov-2022,1668124800.0,
4ce.ca,4ce.ca,23-oct-2023,1698019200.0,WHC Online Solutions Inc.
4dcontractors.com,4dcontractors.com,10-mar-2023,1678406400.0,Google LLC
475.mobi,475.mobi,03-aug-2023,1691020800.0,"Chengdu West Dimension Digital Technology Co., Ltd."
4gdfl.com,4gdfl.com,04-jan-2023,1672790400.0,Launchpad.com Inc.
4for4.info,4for4.info,16-oct-2023,1697414400.0,"DreamHost, LLC"
4gltemall.com,4gltemall.com,01-sep-2030,1914451200.0,"NameSilo, LLC"
4h.net,4h.net,06-nov-2023,1699228800.0,Epik Inc.
4cut.ru,4cut.ru,21-jul-2023,1689897600.0,REGRU-RU
4mills.com,4mills.com,26-sep-2023,1695686400.0,"Deep Dive Domains, LLC"
4mypage-avrest.com,4mypage-avrest.com,19-sep-2023,1695081600.0,Porkbun LLC
4mtravels.com,4mtravels.com,12-apr-2023,1681257600.0,"GoDaddy.com, LLC"
4ooi.co.uk,4ooi.co.uk,22-nov-2023,1700611200.0,
4momnchild.com,4momnchild.com,12-jan-2023,1673481600.0,"NameCheap, Inc."
4ooi.net,4ooi.net,22-nov-2023,1700611200.0,"NameCheap, Inc."
4msunscreens.com,4msunscreens.com,20-jun-2023,1687219200.0,"Register.com, Inc."
4season-services.com,4season-services.com,09-jan-2027,1799452800.0,"GoDaddy.com, LLC"
4pam.org,4pam.org,27-nov-2022,1669507200.0,Tucows Domains Inc.
4smoke.co.uk,4smoke.co.uk,08-nov-2022,1667865600.0,
4th3drenderings.com,4th3drenderings.com,24-jul-2023,1690156800.0,"Network Solutions, LLC"
4uagency.biz,4uagency.biz,06-dec-2022,1670284800.0,"eNom, LLC"
4utech.online,4utech.online,05-jan-2023,1672876800.0,PDR Ltd. d/b/a PublicDomainRegistry.com
4v210.com,4v210.com,02-apr-2023,1680393600.0,PDR Ltd. d/b/a PublicDomainRegistry.com
5000btc.com,5000btc.com,18-mar-2023,1679097600.0,Alibaba Cloud Computing Ltd. d/b/a HiChina (www.net.cn)
501drive.com,501drive.com,17-mar-2023,1679011200.0,FastDomain Inc.
505caipiao.com,505caipiao.com,27-jan-2023,1674777600.0,Global Domain Name Trading Center Ltd
517sunbet.com,517sunbet.com,14-dec-2023,1702512000.0,"GoDaddy.com, LLC"
51jianli.cn,51jianli.cn,14-nov-2023,1699920000.0,阿里云计算有限公司（万网）
525news.com.ar,525news.com.ar,16-jan-2023,1673827200.0,nicar
53241.cc,53241.cc,10-jan-2023,1673308800.0,"22net, Inc."
54taizifei.com,54taizifei.com,19-may-2023,1684454400.0,"Hong Kong Juming Network Technology Co., Ltd."
565caipiao.com,565caipiao.com,27-jan-2023,1674777600.0,Global Domain Name Trading Center Ltd
55plusdeserthomes.com,55plusdeserthomes.com,21-oct-2023,1697846400.0,"GMO Internet, Inc. d/b/a Onamae.com"
58shuma.com,58shuma.com,26-nov-2023,1700956800.0,Gname.com Pte. Ltd.
5ebra.com,5ebra.com,23-nov-2022,1669161600.0,"Net-Chinese Co., Ltd."
5dummies.com,5dummies.com,26-dec-2022,1672012800.0,"Wild Bunch Domains, LLC"
5m5u.com,5m5u.com,13-mar-2024,1710288000.0,Gname.com Pte. Ltd.
5staraquariums.com,5staraquariums.com,10-aug-2025,1754784000.0,"GoDaddy.com, LLC"
5thblock.com,5thblock.com,27-jul-2023,1690416000.0,"GoDaddy.com, LLC"
5zhoutravel.com,5zhoutravel.com,07-may-2023,1683417600.0,Gname.com Pte. Ltd.
60019.it,60019.it,18-jun-2023,1687046400.0,
620w0.com,620w0.com,08-jul-2023,1688774400.0,"GoDaddy.com, LLC"
6229444.com,6229444.com,26-dec-2023,1703548800.0,"GoDaddy.com, LLC"
63234.cc,63234.cc,12-jan-2023,1673481600.0,"GoDaddy.com, LLC"
638308.com,638308.com,10-may-2023,1683676800.0,"NameSilo, LLC"
63notes.com,63notes.com,25-dec-2022,1671926400.0,CNOBIN INFORMATION TECHNOLOGY LIMITED
64rr.ru,64rr.ru,18-mar-2023,1679097600.0,REGRU-RU
666661.cc,666661.cc,20-apr-2024,1713571200.0,"GoDaddy.com, LLC"
6amn.com,6amn.com,30-dec-2022,1672358400.0,"GoDaddy.com, LLC"
69qx.com,69qx.com,18-dec-2023,1702857600.0,"DYNADOT, LLC"
6gforum.net,6gforum.net,15-nov-2022,1668470400.0,"GoDaddy.com, LLC"
6ou.cc,6ou.cc,11-sep-2023,1694390400.0,"NameSilo, LLC"
6prospectos.com,6prospectos.com,07-dec-2022,1670371200.0,"GoDaddy.com, LLC"
6teenbeat.com,6teenbeat.com,21-dec-2023,1703116800.0,"GoDaddy.com, LLC"
712deals.com,712deals.com,24-mar-2024,1711238400.0,"GoDaddy.com, LLC"
751w.com,751w.com,08-aug-2023,1691452800.0,"Name.com, Inc."
75819.com,75819.com,06-may-2026,1778025600.0,"22net, Inc."
76843.com,76843.com,11-jan-2023,1673395200.0,"Hefei Juming Network Technology Co., Ltd"
773podcast.com,773podcast.com,03-may-2023,1683072000.0,"GoDaddy.com, LLC"
77arte.com,77arte.com,20-dec-2022,1671494400.0,DOMAIN NAME NETWORK PTY LTD
7kemao.cn,7kemao.cn,10-mar-2023,1678406400.0,Number One Web Hosting Limited
7minsite.com,7minsite.com,13-sep-2023,1694563200.0,"GoDaddy.com, LLC"
7inews.com,7inews.com,27-aug-2023,1693094400.0,"GoDaddy.com, LLC"
7kvitek.cz,7kvitek.cz,08-jul-2023,1688774400.0,REG-MEDIA4WEB
7starsearch.com,7starsearch.com,26-nov-2022,1669420800.0,Porkbun LLC
7streamrevenue.org,7streamrevenue.org,26-feb-2023,1677369600.0,"NameCheap, Inc."
7techsystems.com,7techsystems.com,02-feb-2025,1738454400.0,"GoDaddy.com, LLC"
7springsrotary.org,7springsrotary.org,17-aug-2023,1692230400.0,"Hong Kong Juming Network Technology Co., Ltd"
807518.com,807518.com,08-jul-2023,1688774400.0,DropCatch.com 510 LLC
818listings.com,818listings.com,24-jun-2023,1687564800.0,"Chengdu West Dimension Digital Technology Co., Ltd."
866carpets.com,866carpets.com,04-mar-2023,1677888000.0,"GoDaddy.com, LLC"
80millionfreemovies.com,80millionfreemovies.com,17-jan-2024,1705449600.0,"NameCheap, Inc."
880autobody.com,880autobody.com,25-aug-2023,1692921600.0,"GoDaddy.com, LLC"
88qidian.com,88qidian.com,12-aug-2023,1691798400.0,"GoDaddy.com, LLC"
8909digital.co.uk,8909digital.co.uk,06-jul-2024,1720224000.0,
898965.com,898965.com,13-jul-2023,1689206400.0,Alibaba Cloud Computing Ltd. d/b/a HiChina (www.net.cn)
8e21.it,8e21.it,16-jan-2023,1673827200.0,
8gbhosting.com,8gbhosting.com,15-jan-2023,1673740800.0,Dreamscape Networks International Pte Ltd
8dx.com.br,8dx.com.br,28-apr-2024,1714262400.0,
8psolution.com,8psolution.com,01-feb-2024,1706745600.0,"GoDaddy.com, LLC"
8liveson.org,8liveson.org,27-apr-2023,1682553600.0,"GoDaddy.com, LLC"
907518.com,907518.com,22-jul-2023,1689984000.0,"Xiamen 35.Com Technology Co., Ltd."
9101234.com,9101234.com,26-apr-2023,1682467200.0,MAT BAO CORPORATION
911inf.ru,911inf.ru,19-jun-2023,1687132800.0,REGRU-RU
911men.ru,911men.ru,10-dec-2022,1670630400.0,RU-CENTER-RU
911restorationlongbeach.com,911restorationlongbeach.com,19-dec-2022,1671408000.0,"GoDaddy.com, LLC"
91travels.com,91travels.com,22-oct-2023,1697932800.0,"GoDaddy.com, LLC"
925silverjaipur.com,925silverjaipur.com,15-jun-2025,1749945600.0,"GoDaddy.com, LLC"
928classics.com,928classics.com,21-feb-2023,1676937600.0,"CloudFlare, Inc."
929dave.fm,929dave.fm,22-aug-2023,1692662400.0,Dynadot LLC
950551.com,950551.com,10-nov-2022,1668038400.0,"eName Technology Co., Ltd."
953radio.com,953radio.com,10-nov-2022,1668038400.0,PDR Ltd. d/b/a PublicDomainRegistry.com
911cybers.com,911cybers.com,08-dec-2022,1670457600.0,West263 International Limited
969thelegend.com,969thelegend.com,01-oct-2023,1696118400.0,FastDomain Inc.
999l999.com,999l999.com,09-may-2023,1683590400.0,Gname 038 Inc
99hotel.net,99hotel.net,17-mar-2023,1679011200.0,Dynadot14 LLC
9ch.biz,9ch.biz,30-jul-2023,1690675200.0,"GMO Internet, Inc. d/b/a Onamae.com"
9foldstyle.com,9foldstyle.com,13-oct-2024,1728777600.0,"GoDaddy.com, LLC"
9skis.com,9skis.com,11-apr-2023,1681171200.0,Gname.com Pte. Ltd.
99webmail.com,99webmail.com,10-may-2023,1683676800.0,"GoDaddy.com, LLC"
9thmilehousingestates.com,9thmilehousingestates.com,05-jul-2023,1688515200.0,"Hostinger, UAB"
9tl.ru,9tl.ru,21-apr-2023,1682035200.0,R01-RU
9starcondo.com,9starcondo.com,26-feb-2023,1677369600.0,Domain International Services Limited
a10tech.com,a10tech.com,19-dec-2022,1671408000.0,"DomainPeople, Inc."
a1-apex-plumbing.com,a1-apex-plumbing.com,10-sep-2025,1757462400.0,"GoDaddy.com, LLC"
a-1hypnose.com,a-1hypnose.com,18-dec-2022,1671321600.0,"NameCheap, Inc."
a1professionals.net,a1professionals.net,26-apr-2023,1682467200.0,PDR Ltd. d/b/a PublicDomainRegistry.com
a1serviceprovider.com,a1serviceprovider.com,07-jul-2023,1688688000.0,"GoDaddy.com, LLC"
a2zapk.com,a2zapk.com,27-jan-2023,1674777600.0,"GoDaddy.com, LLC"
a2solucao.com.br,a2solucao.com.br,12-jun-2023,1686528000.0,
a3il.com,a3il.com,02-aug-2024,1722556800.0,"TurnCommerce, Inc. DBA NameBright.com"
a1garden.co.uk,a1garden.co.uk,24-may-2023,1684886400.0,
a7medsalama.com,a7medsalama.com,06-may-2023,1683331200.0,"NameSilo, LLC"
aaahvac.com,aaahvac.com,15-nov-2024,1731628800.0,"GoDaddy.com, LLC"
aaaalimos.com,aaaalimos.com,06-feb-2026,1770336000.0,"GoDaddy.com, LLC"
aaavector.com,aaavector.com,11-mar-2023,1678492800.0,"GoDaddy.com, LLC"
aaafinancebd.com,aaafinancebd.com,30-dec-2022,1672358400.0,Tucows Domains Inc.
aaclsolutions.com,aaclsolutions.com,21-jan-2023,1674259200.0,Launchpad.com Inc.
aadgo.com,aadgo.com,15-jun-2024,1718409600.0,"TurnCommerce, Inc. DBA NameBright.com"
aacworks.com,aacworks.com,10-sep-2024,1725926400.0,"GoDaddy.com, LLC"
aadharfoundations.org,aadharfoundations.org,07-feb-2023,1675728000.0,Hosting Concepts B.V. d/b/a Registrar.eu
aafm.com,aafm.com,21-oct-2023,1697846400.0,"Network Solutions, LLC"
aafinc.com,aafinc.com,27-jan-2023,1674777600.0,"Network Solutions, LLC"
aagamanrestaurant.com,aagamanrestaurant.com,21-nov-2023,1700524800.0,Dreamscape Networks International Pte Ltd
aa-hvacservices.com,aa-hvacservices.com,22-sep-2023,1695340800.0,PDR Ltd. d/b/a PublicDomainRegistry.com
aaiinfusions.com,aaiinfusions.com,03-oct-2023,1696291200.0,"GoDaddy.com, LLC"
aacoonline.com,aacoonline.com,12-oct-2023,1697068800.0,"Domain.com, LLC"
aakrutisolutions.com,aakrutisolutions.com,30-jun-2024,1719705600.0,PDR Ltd. d/b/a PublicDomainRegistry.com
aalfin.com,aalfin.com,08-nov-2022,1667865600.0,DropCatch.com 1315 LLC
aamalservices.com,aamalservices.com,22-apr-2023,1682121600.0,"DNC Holdings, Inc."
a-americanas.com,a-americanas.com,02-nov-2023,1698883200.0,"GoDaddy.com, LLC"
aalphabailbonds.com,aalphabailbonds.com,20-jan-2023,1674172800.0,"Register.com, Inc."
aamktg.com,aamktg.com,05-jul-2025,1751673600.0,"TurnCommerce, Inc. DBA NameBright.com"
aamiac.fr,aamiac.fr,29-oct-2023,1698537600.0,GANDI
aamc.edu.pk,aamc.edu.pk,05-jul-2024,1720137600.0,
aann.co.tz,aann.co.tz,06-apr-2023,1680739200.0,REG-XTREME
aapa.net.br,aapa.net.br,07-mar-2023,1678147200.0,
aapkapundit.com,aapkapundit.com,12-jun-2023,1686528000.0,"NameCheap, Inc."
aapakistan.com,aapakistan.com,11-feb-2023,1676073600.0,PDR Ltd. d/b/a PublicDomainRegistry.com
aaradhyaenvirotech.com,aaradhyaenvirotech.com,06-jul-2023,1688601600.0,"GoDaddy.com, LLC"
aardvarkresearchgroup.com,aardvarkresearchgroup.com,17-feb-2023,1676592000.0,"GoDaddy.com, LLC"
aareeaccessories.com,aareeaccessories.com,28-jul-2026,1785196800.0,"GoDaddy.com, LLC"
aaronmckenziefraser.com,aaronmckenziefraser.com,16-may-2023,1684195200.0,"GoDaddy.com, LLC"
aaronmckenziefraser.org,aaronmckenziefraser.org,16-may-2023,1684195200.0,"GoDaddy.com, LLC"
aarrafi.com,aarrafi.com,13-feb-2023,1676246400.0,Hosting Concepts B.V. d/b/a Registrar.eu
aarqualityfiberglass.com,aarqualityfiberglass.com,30-nov-2027,1827532800.0,"Network Solutions, LLC"
aas-clean.com,aas-clean.com,25-may-2023,1684972800.0,"GMO Internet, Inc. d/b/a Onamae.com"
aasthainterior.com,aasthainterior.com,20-may-2023,1684540800.0,Google LLC
aarj.com.br,aarj.com.br,04-sep-2024,1725408000.0,
aaz13.com,aaz13.com,08-feb-2023,1675814400.0,"GoDaddy.com, LLC"
aauone.org,aauone.org,11-jun-2023,1686441600.0,"Wild West Domains, LLC"
abacustest.co.uk,abacustest.co.uk,19-apr-2025,1745020800.0,
aavranhandlooms.com,aavranhandlooms.com,19-jun-2023,1687132800.0,BigRock Solutions Ltd
abada.ru,abada.ru,27-may-2023,1685145600.0,RU-CENTER-RU
abaffutebol.com.br,abaffutebol.com.br,21-may-2023,1684627200.0,
abaiejewelry.com,abaiejewelry.com,26-may-2023,1685059200.0,"GoDaddy.com, LLC"
abamed.mx,abamed.mx,30-jan-2023,1675036800.0,GoDaddy.com
abaforniture.it,abaforniture.it,19-mar-2023,1679184000.0,
abantotel.com.tr,abantotel.com.tr,12-jul-2023,1689120000.0,
abaroli.mx,abaroli.mx,30-apr-2023,1682812800.0,"AKKY ONLINE SOLUTIONS, S.A. DE C.V."
abantmandira.com.tr,abantmandira.com.tr,12-feb-2026,1770854400.0,
abbacourtage.fr,abbacourtage.fr,19-mar-2023,1679184000.0,OVH
abbeytaxiscrewe.co.uk,abbeytaxiscrewe.co.uk,23-apr-2023,1682208000.0,
abbeycarsashby.co.uk,abbeycarsashby.co.uk,02-apr-2023,1680393600.0,
abbyfantastic.com,abbyfantastic.com,02-dec-2022,1669939200.0,"GoDaddy.com, LLC"
abbrd.cn,abbrd.cn,29-dec-2023,1703808000.0,阿里云计算有限公司（万网）
abcbilliards.net,abcbilliards.net,16-sep-2023,1694822400.0,"GoDaddy.com, LLC"
abc-brandz.com,abc-brandz.com,05-jan-2023,1672876800.0,PDR Ltd. d/b/a PublicDomainRegistry.com
abc-construction.com,abc-construction.com,27-nov-2023,1701043200.0,"Name Thread, LLC"
abc24.ma,abc24.ma,29-jan-2023,1674950400.0,HEBERFACILE
abcar.it,abcar.it,08-sep-2023,1694131200.0,
abcinganni.org,abcinganni.org,09-jan-2023,1673222400.0,Google LLC
abcneuro.com,abcneuro.com,03-oct-2023,1696291200.0,Gname 001 Inc
abcdeidiritti.it,abcdeidiritti.it,29-jan-2023,1674950400.0,
abcmaroko.pl,abcmaroko.pl,03-apr-2023,1680480000.0,
abd-architects.com,abd-architects.com,10-oct-2023,1696896000.0,"Network Solutions, LLC"
abcgoruntuleme.com.tr,abcgoruntuleme.com.tr,16-apr-2023,1681603200.0,
abdulghaffar.com,abdulghaffar.com,06-jan-2023,1672963200.0,Launchpad.com Inc.
abelia.partners,abelia.partners,27-jun-2023,1687824000.0,Tucows Domains Inc.
abeshalinks.com,abeshalinks.com,25-feb-2023,1677283200.0,"GMO Internet, Inc. d/b/a Onamae.com"
abepps.org.br,abepps.org.br,09-mar-2023,1678320000.0,
aberdeentap.com,aberdeentap.com,23-jun-2023,1687478400.0,"Wild West Domains, LLC"
abestindustrialsupply.com,abestindustrialsupply.com,05-oct-2023,1696464000.0,"GoDaddy.com, LLC"
abestinsulation.org,abestinsulation.org,21-feb-2023,1676937600.0,1&1 IONOS SE
abestmodel.com,abestmodel.com,15-jan-2023,1673740800.0,"GoDaddy.com, LLC"
abedinequipment.com,abedinequipment.com,23-jun-2023,1687478400.0,PDR Ltd. d/b/a PublicDomainRegistry.com
abhp.us,abhp.us,26-apr-2025,1745625600.0,"GoDaddy.com, LLC"
abhishekindustry.com,abhishekindustry.com,15-dec-2022,1671062400.0,"GoDaddy.com, LLC"
abhishekvardhani.in,abhishekvardhani.in,07-jan-2023,1673049600.0,"GoDaddy.com, LLC"
abiatar.com,abiatar.com,25-jun-2023,1687651200.0,"eNom, LLC"
abigailanklam.com,abigailanklam.com,02-may-2023,1682985600.0,Google LLC
abivilla.com,abivilla.com,03-sep-2024,1725321600.0,"GoDaddy.com, LLC"
ablerefrigeration.com,ablerefrigeration.com,12-oct-2023,1697068800.0,"GoDaddy.com, LLC"
ablogistics.in,ablogistics.in,30-mar-2023,1680134400.0,Endurance Digital Domain Technology LLP
abna-mattar.com,abna-mattar.com,06-mar-2023,1678060800.0,PDR Ltd. d/b/a PublicDomainRegistry.com
abn-amro-overzichten.club,abn-amro-overzichten.club,09-may-2023,1683590400.0,"eNom, LLC"
abilitiesthatwork.com,abilitiesthatwork.com,20-mar-2023,1679270400.0,"eNom, LLC"
abninterarch.com,abninterarch.com,08-sep-2023,1694131200.0,"GoDaddy.com, LLC"
abodesystems.com,abodesystems.com,09-sep-2023,1694217600.0,"NameCheap, Inc."
abosi.com,abosi.com,22-mar-2023,1679443200.0,"GoDaddy.com, LLC"
aboriginalcanadianjobs.com,aboriginalcanadianjobs.com,31-jan-2023,1675123200.0,"Domain.com, LLC"
about-south-africa.com,about-south-africa.com,19-apr-2023,1681862400.0,"eNom, LLC"
aboutkoval.com,aboutkoval.com,25-jun-2023,1687651200.0,"GoDaddy.com, LLC"
abnewyork.com,abnewyork.com,13-apr-2023,1681344000.0,Gname.com Pte. Ltd.
abplatform.com,abplatform.com,13-feb-2023,1676246400.0,Annulet LLC
abrazzak.com,abrazzak.com,19-feb-2023,1676764800.0,"NameCheap, Inc."
abrillimoveis.com.br,abrillimoveis.com.br,02-dec-2022,1669939200.0,
abrewwithaview.com,abrewwithaview.com,29-may-2023,1685318400.0,"GoDaddy.com, LLC"
absarokaadventures.com,absarokaadventures.com,05-oct-2023,1696464000.0,IONOS SE
absgh.com,absgh.com,29-mar-2023,1680048000.0,FastDomain Inc.
absinternational.co.in,absinternational.co.in,30-sep-2024,1727654400.0,Endurance Digital Domain Technology LLP
absolutamarcas.com.br,absolutamarcas.com.br,28-sep-2023,1695859200.0,
absolutehaitian.com,absolutehaitian.com,22-may-2023,1684713600.0,"Wild West Domains, LLC"
absolutezeroextracts.com,absolutezeroextracts.com,17-oct-2027,1823731200.0,"GoDaddy.com, LLC"
absoluvegetal.com,absoluvegetal.com,12-feb-2023,1676160000.0,OVH sas
absolutesocialmedia.com,absolutesocialmedia.com,11-jul-2023,1689033600.0,IONOS SE
absshare.com,absshare.com,07-apr-2023,1680825600.0,PDR Ltd. d/b/a PublicDomainRegistry.com
absteknik.com,absteknik.com,06-apr-2023,1680739200.0,"GoDaddy.com, LLC"
abstractcaptivism.com,abstractcaptivism.com,06-jan-2023,1672963200.0,"Wild West Domains, LLC"
abtloman.com,abtloman.com,13-jan-2023,1673568000.0,PDR Ltd. d/b/a PublicDomainRegistry.com
absurdizi.com,absurdizi.com,24-apr-2023,1682294400.0,Aerotek Bilisim Sanayi ve Ticaret AS
abtekin.com.tr,abtekin.com.tr,22-may-2023,1684713600.0,
abudeyaccountants.co.uk,abudeyaccountants.co.uk,07-apr-2024,1712448000.0,
abundancetradingmarketing.com,abundancetradingmarketing.com,27-mar-2023,1679875200.0,"Gransy, s.r.o."
abstonian.com,abstonian.com,29-mar-2023,1680048000.0,"GoDaddy.com, LLC"
abuddingenthusiast.com,abuddingenthusiast.com,24-apr-2023,1682294400.0,"GoDaddy.com, LLC"
abz.co.il,abz.co.il,29-dec-2022,1672272000.0,Gorni Interactive Ltd
abwaterscpa.com,abwaterscpa.com,29-jun-2023,1687996800.0,"GoDaddy.com, LLC"
abzinid.com,abzinid.com,15-nov-2023,1700006400.0,"NameCheap, Inc."
academiadederechonotarial.org,academiadederechonotarial.org,20-jun-2023,1687219200.0,Neubox Internet S.A. de C.V.
academiapatriciadias.com.br,academiapatriciadias.com.br,10-jul-2023,1688947200.0,
academiasion.com,academiasion.com,27-nov-2024,1732665600.0,"TurnCommerce, Inc. DBA NameBright.com"
academiadoacucar.com.br,academiadoacucar.com.br,15-sep-2023,1694736000.0,
academicmiracles.com,academicmiracles.com,15-aug-2024,1723680000.0,"eNom, LLC"
academichighkundal.com,academichighkundal.com,21-oct-2023,1697846400.0,"GoDaddy.com, LLC"
academic.ie,academic.ie,29-oct-2023,1698537600.0,Blacknight Solutions
acarappliancesurplus.com,acarappliancesurplus.com,28-dec-2022,1672185600.0,"GoDaddy.com, LLC"
academyforgirls.com,academyforgirls.com,17-apr-2023,1681689600.0,FastDomain Inc.
acapic.com,acapic.com,26-feb-2023,1677369600.0,OVH sas
accademiadivino.com,accademiadivino.com,29-dec-2022,1672272000.0,"NameSilo, LLC"
acboskovic.hr,acboskovic.hr,21-mar-2023,1679356800.0,
accaps.top,accaps.top,09-nov-2023,1699488000.0,Alibaba Cloud Computing Ltd. d/b/a HiChina (www.net.cn)
accentautomation.in,accentautomation.in,31-jan-2024,1706659200.0,Endurance Digital Domain Technology LLP
accentsud.com,accentsud.com,06-may-2023,1683331200.0,Gandi SAS
acaray.com,acaray.com,16-aug-2024,1723766400.0,"GoDaddy.com, LLC"
accessalliance.ca,accessalliance.ca,06-jan-2030,1893888000.0,easyDNS Technologies Inc.
access-payment-cancel.com,access-payment-cancel.com,13-sep-2023,1694563200.0,"NICENIC INTERNATIONAL GROUP CO., LIMITED"
access.net.ua,access.net.ua,08-feb-2023,1675814400.0,co.imena
accessshopthemes.com,accessshopthemes.com,08-jan-2023,1673136000.0,"GoDaddy.com, LLC"
accessvegas.com,accessvegas.com,26-oct-2023,1698278400.0,"Wild West Domains, LLC"
accessoryvictim.com,accessoryvictim.com,13-oct-2023,1697155200.0,OVH sas
accident-attorney-birmingham.com,accident-attorney-birmingham.com,08-jun-2023,1686182400.0,"GoDaddy.com, LLC"
accevate.com,accevate.com,15-jul-2023,1689379200.0,Dreamscape Networks International Pte Ltd
accolinks.com,accolinks.com,20-jan-2023,1674172800.0,Realtime Register B.V.
accountcanceled.com,accountcanceled.com,09-sep-2023,1694217600.0,IONOS SE
accountingbycpa.com,accountingbycpa.com,14-may-2023,1684022400.0,DropCatch.com 520 LLC
accountingerrors.com,accountingerrors.com,06-mar-2023,1678060800.0,"NameCheap, Inc."
accountpostch.com,accountpostch.com,17-mar-2023,1679011200.0,"eNom, LLC"
accountnotify.com,accountnotify.com,02-oct-2023,1696204800.0,WillametteNames.com LLC
accountsections.com,accountsections.com,08-jan-2023,1673136000.0,PDR Ltd. d/b/a PublicDomainRegistry.com
accounts.mx,accounts.mx,26-apr-2023,1682467200.0,"Dynadot, LLC"
accounts-receivable.online,accounts-receivable.online,05-feb-2023,1675555200.0,Namecheap
accountswise.co.uk,accountswise.co.uk,30-aug-2023,1693353600.0,
accsetup.com,accsetup.com,17-sep-2023,1694908800.0,"NameCheap, Inc."
accuratefiles.com,accuratefiles.com,02-jun-2023,1685664000.0,MainReg INC.
accurateofes.com,accurateofes.com,09-dec-2022,1670544000.0,"GoDaddy.com, LLC"
accurateopticians.com,accurateopticians.com,21-oct-2023,1697846400.0,"GoDaddy.com, LLC"
accurocket.com,accurocket.com,23-oct-2023,1698019200.0,"GoDaddy.com, LLC"
accuregsoftware.com,accuregsoftware.com,28-dec-2023,1703721600.0,Tucows Domains Inc.
acdcwallpapers.com,acdcwallpapers.com,07-oct-2023,1696636800.0,"GoDaddy.com, LLC"
accyflor.mx,accyflor.mx,16-mar-2023,1678924800.0,"AKKY ONLINE SOLUTIONS, S.A. DE C.V."
ace-interview.com,ace-interview.com,17-may-2023,1684281600.0,"GoDaddy.com, LLC"
acenterforrecovery.com,acenterforrecovery.com,05-jun-2023,1685923200.0,"GoDaddy.com, LLC"
acentiasoft.com,acentiasoft.com,03-may-2023,1683072000.0,"GoDaddy.com, LLC"
acenter4change.com,acenter4change.com,28-jan-2023,1674864000.0,"NameCheap, Inc."
acepain.com,acepain.com,24-apr-2023,1682294400.0,"Domain.com, LLC"
acerpro.com,acerpro.com,23-feb-2031,1929571200.0,Turkticaret.net Yazilim Hizmetleri Sanayi ve Ticaret A.S.
aceshiprecycling.com,aceshiprecycling.com,28-feb-2023,1677542400.0,"GoDaddy.com, LLC"
acessarportal.com,acessarportal.com,04-feb-2023,1675468800.0,"GoDaddy.com, LLC"
acessecomunicacao.com.br,acessecomunicacao.com.br,04-aug-2023,1691107200.0,
acessosicoob.com,acessosicoob.com,27-oct-2023,1698364800.0,"Sav.com, LLC"
acessys.com.br,acessys.com.br,11-sep-2023,1694390400.0,
acetory.com,acetory.com,09-jan-2026,1767916800.0,"GoDaddy.com, LLC"
acfarmbureau.com,acfarmbureau.com,28-apr-2024,1714262400.0,"NameCheap, Inc."
acgxxx.com,acgxxx.com,24-jun-2023,1687564800.0,DropCatch.com 1031 LLC
achador.net,achador.net,23-dec-2022,1671753600.0,"eNom, LLC"
acfstkittsnevis.org,acfstkittsnevis.org,07-may-2023,1683417600.0,"GoDaddy.com, LLC"
achac.cl,achac.cl,11-oct-2024,1728604800.0,NIC Chile
achiprepair.org,achiprepair.org,23-mar-2023,1679529600.0,"eNom, Inc."
achoeu.com,achoeu.com,04-oct-2023,1696377600.0,"NameCheap, Inc."
achetudoaqui.com.br,achetudoaqui.com.br,18-sep-2023,1694995200.0,
acho.info,acho.info,18-feb-2023,1676678400.0,"GoDaddy.com, LLC"
achisari.ge,achisari.ge,27-sep-2023,1695772800.0,proservice ltd
acma.in,acma.in,04-aug-2023,1691107200.0,"GoDaddy.com, LLC"
acme-cw.com,acme-cw.com,03-may-2023,1683072000.0,PDR Ltd. d/b/a PublicDomainRegistry.com
acmeofficesupply.com,acmeofficesupply.com,24-apr-2023,1682294400.0,"Hong Kong Juming Network Technology Co., Ltd."
acmd.org.tr,acmd.org.tr,12-dec-2025,1765497600.0,
acmeprofessionalsindia.com,acmeprofessionalsindia.com,19-nov-2022,1668816000.0,BigRock Solutions Ltd
acmindustrial.com.mx,acmindustrial.com.mx,24-aug-2023,1692835200.0,GoDaddy.com
acmeentranceexpert.in,acmeentranceexpert.in,22-jan-2023,1674345600.0,"GoDaddy.com, LLC"
acodez.ca,acodez.ca,28-sep-2023,1695859200.0,"Go Daddy Domains Canada, Inc"
acosecia.com.br,acosecia.com.br,17-jun-2029,1876348800.0,
acostamueble.com,acostamueble.com,29-dec-2022,1672272000.0,Tucows Domains Inc.
acornrecycling.uk,acornrecycling.uk,28-apr-2023,1682640000.0,
acmeprecisiondiesel.com,acmeprecisiondiesel.com,23-jan-2024,1705968000.0,PDR Ltd. d/b/a PublicDomainRegistry.com
acontecemais.com.br,acontecemais.com.br,17-oct-2023,1697500800.0,
acouleeview.com,acouleeview.com,29-oct-2023,1698537600.0,ALIBABA.COM SINGAPORE E-COMMERCE PRIVATE LIMITED
acpe.ac.in,acpe.ac.in,22-aug-2023,1692662400.0,ERNET India
ac-qua-service.com,ac-qua-service.com,21-oct-2023,1697846400.0,"GoDaddy.com, LLC"
acprod.cn,acprod.cn,10-nov-2025,1762732800.0,广东时代互联科技有限公司
acropole.ro,acropole.ro,23-jan-2023,1674432000.0,H88 Web Hosting S.R.L.
acschultesfl.com,acschultesfl.com,18-jan-2023,1674000000.0,West263 International Limited
acserpongmurah.com,acserpongmurah.com,19-feb-2024,1708300800.0,"Hostinger, UAB"
acsgonline.com,acsgonline.com,09-mar-2025,1741478400.0,"Wild West Domains, LLC"
acropolymersindia.com,acropolymersindia.com,07-sep-2023,1694044800.0,PDR Ltd. d/b/a PublicDomainRegistry.com
acstx.us,acstx.us,19-may-2023,1684454400.0,Fast Domain Inc.
acswellness.com,acswellness.com,28-sep-2023,1695859200.0,"GoDaddy.com, LLC"
act2succeed.com,act2succeed.com,14-jan-2023,1673654400.0,Jiangsu Bangning Science & technology Co. Ltd.
acten.co.uk,acten.co.uk,20-nov-2023,1700438400.0,
actgtexas.com,actgtexas.com,22-apr-2023,1682121600.0,Dynadot11 LLC
actionreprographics.com,actionreprographics.com,18-jan-2023,1674000000.0,Gname.com Pte. Ltd.
actionbatterycenter.com,actionbatterycenter.com,12-jul-2023,1689120000.0,"GoDaddy.com, LLC"
activaaccion.cl,activaaccion.cl,20-mar-2023,1679270400.0,NIC Chile
activaet-eset.com,activaet-eset.com,30-apr-2023,1682812800.0,Tucows Domains Inc.
actionsed.org,actionsed.org,03-dec-2022,1670025600.0,Hosting Concepts B.V. d/b/a Registrar.eu
activate-macfee.com,activate-macfee.com,07-nov-2022,1667779200.0,"DYNADOT, LLC"
actionse.com.br,actionse.com.br,22-apr-2023,1682121600.0,
activebatteries.com,activebatteries.com,12-oct-2025,1760227200.0,"TurnCommerce, Inc. DBA NameBright.com"
activebroadcast.co.in,activebroadcast.co.in,30-sep-2023,1696032000.0,Endurance Digital Domain Technology LLP
active.by,active.by,21-dec-2022,1671580800.0,"Open Contact, Ltd"
activecotton.com,activecotton.com,28-feb-2023,1677542400.0,"DreamHost, LLC"
activegirlstoys.com,activegirlstoys.com,25-may-2023,1684972800.0,"GoDaddy.com, LLC"
activefootspa.com,activefootspa.com,31-jan-2023,1675123200.0,"GoDaddy.com, LLC"
activehips.com,activehips.com,12-jul-2023,1689120000.0,"GoDaddy.com, LLC"
activistnet.com,activistnet.com,20-mar-2023,1679270400.0,Annulet LLC
actops.net,actops.net,13-aug-2023,1691884800.0,Dreamscape Networks International Pte Ltd
actsgroupug.com,actsgroupug.com,01-dec-2022,1669852800.0,Internet Domain Service BS Corp
actu24.online,actu24.online,06-may-2023,1683331200.0,Ligne Web Services
acuiferos.cl,acuiferos.cl,31-oct-2024,1730332800.0,NIC Chile
actuprovence.com,actuprovence.com,25-apr-2023,1682380800.0,PHPNET France DBA Nuxit
actualizaweb.com,actualizaweb.com,09-apr-2023,1680998400.0,"GoDaddy.com, LLC"
acurraltd.com,acurraltd.com,18-may-2023,1684368000.0,"GoDaddy.com, LLC"
acusticcrom.com,acusticcrom.com,28-apr-2023,1682640000.0,"Tecnocratica Centro de Datos, S.L."
ad2upapp.com,ad2upapp.com,10-jun-2023,1686355200.0,"URL Solutions, Inc."
adaacloud.com,adaacloud.com,17-oct-2026,1792195200.0,"GoDaddy.com, LLC"
adabimadina.com,adabimadina.com,09-sep-2023,1694217600.0,"GoDaddy.com, LLC"
adamak.in,adamak.in,21-feb-2024,1708473600.0,"GoDaddy.com, LLC"
adamcue.com,adamcue.com,12-jul-2023,1689120000.0,"GoDaddy.com, LLC"
adaliogluteknik.com,adaliogluteknik.com,18-dec-2022,1671321600.0,Nics Telekomunikasyon A.S.
adamcompany.com,adamcompany.com,29-sep-2024,1727568000.0,"GoDaddy.com, LLC"
adammburke.com,adammburke.com,06-jun-2023,1686009600.0,Google LLC
adamrubenfilm.com,adamrubenfilm.com,11-apr-2023,1681171200.0,"GoDaddy.com, LLC"
adamsengg.com,adamsengg.com,30-mar-2024,1711756800.0,"GoDaddy.com, LLC"
adamvaubel.com,adamvaubel.com,22-nov-2022,1669075200.0,"GoDaddy.com, LLC"
adamdecorcenter.com,adamdecorcenter.com,07-jan-2027,1799280000.0,"GoDaddy.com, LLC"
adambmoore.com,adambmoore.com,04-jul-2023,1688428800.0,"GoDaddy.com, LLC"
adanacinselterapi.com,adanacinselterapi.com,15-jan-2023,1673740800.0,Porkbun LLC
adanaerkenbosalma.com,adanaerkenbosalma.com,15-jan-2023,1673740800.0,Porkbun LLC
adanavajinismusum.com,adanavajinismusum.com,13-dec-2022,1670889600.0,Google LLC
adanasekseninciyilasm.net,adanasekseninciyilasm.net,16-feb-2023,1676505600.0,Turkticaret.net Yazilim Hizmetleri Sanayi ve Ticaret A.S.
adashopping.it,adashopping.it,24-jun-2023,1687564800.0,
adardiamond.co.uk,adardiamond.co.uk,16-dec-2023,1702684800.0,
adastraconsulting.net,adastraconsulting.net,22-dec-2022,1671667200.0,PDR Ltd. d/b/a PublicDomainRegistry.com
adaproductions.fr,adaproductions.fr,15-sep-2023,1694736000.0,AMEN / Agence des Médias Numériques
adavetorganizasyon.com,adavetorganizasyon.com,08-mar-2023,1678233600.0,Isimtescil Bilisim A.S.
adconminas.com.br,adconminas.com.br,17-oct-2023,1697500800.0,
addconsults.com,addconsults.com,02-apr-2023,1680393600.0,"NameSilo, LLC"
addis.cloud,addis.cloud,19-jun-2023,1687132800.0,"GoDaddy.com, LLC"
adcpremium.re,adcpremium.re,21-aug-2023,1692576000.0,OVH
addlite.co.uk,addlite.co.uk,23-jun-2023,1687478400.0,
addpoll.com,addpoll.com,18-apr-2025,1744934400.0,"NameCheap, Inc."
addwebhosting.com,addwebhosting.com,30-aug-2023,1693353600.0,"TurnCommerce, Inc. DBA NameBright.com"
addpubli.com,addpubli.com,26-sep-2023,1695686400.0,"Interdominios, Inc."
addyandgabeshow.com,addyandgabeshow.com,15-feb-2023,1676419200.0,"GoDaddy.com, LLC"
adelaidehills1.com,adelaidehills1.com,17-sep-2023,1694908800.0,Launchpad.com Inc.
adelaideengler.com.br,adelaideengler.com.br,01-sep-2024,1725148800.0,
adena-protection.fr,adena-protection.fr,03-nov-2023,1698969600.0,OVH
ademsencer.com,ademsencer.com,12-aug-2023,1691798400.0,Aerotek Bilisim Sanayi ve Ticaret AS
adesigraff.com.br,adesigraff.com.br,13-may-2023,1683936000.0,
ad-file.com,ad-file.com,13-jan-2023,1673568000.0,"DYNADOT, LLC"
ad-generator.net,ad-generator.net,20-nov-2022,1668902400.0,"NameCheap, Inc."
adgmq.qc.ca,adgmq.qc.ca,01-dec-2022,1669852800.0,(Funio) - Miss Group Canada Inc
adidas-ro.net,adidas-ro.net,09-jul-2023,1688860800.0,"Arab Internet Names, LLC"
adielvenezuela.com,adielvenezuela.com,17-may-2023,1684281600.0,"Hong Kong Juming Network Technology Co., Ltd."
adimelowplumbingandbuilding.co.uk,adimelowplumbingandbuilding.co.uk,29-apr-2023,1682726400.0,
adis-k.com,adis-k.com,01-feb-2023,1675209600.0,"GoDaddy.com, LLC"
aditallservices.com,aditallservices.com,18-jun-2025,1750204800.0,"GoDaddy.com, LLC"
aditlinux.com,aditlinux.com,01-mar-2023,1677628800.0,"Network Solutions, LLC"
adityaagencies.co,adityaagencies.co,07-may-2024,1715040000.0,"GoDaddy.com, LLC"
adjoinshop.com,adjoinshop.com,07-oct-2023,1696636800.0,"GoDaddy.com, LLC"
adiutor.com.pl,adiutor.com.pl,03-oct-2026,1790985600.0,
adjustableweightdumbbells.com,adjustableweightdumbbells.com,08-nov-2023,1699401600.0,"GoDaddy.com, LLC"
adityakirancollege.com,adityakirancollege.com,21-may-2023,1684627200.0,"GoDaddy.com, LLC"
adjustyourlife.ca,adjustyourlife.ca,14-may-2031,1936483200.0,"Go Daddy Domains Canada, Inc"
adkaikido.com,adkaikido.com,13-jun-2023,1686614400.0,ALIBABA.COM SINGAPORE E-COMMERCE PRIVATE LIMITED
admakers.com,admakers.com,01-may-2024,1714521600.0,Tucows Domains Inc.
adleadbrazil.com,adleadbrazil.com,14-jan-2023,1673654400.0,Gandi SAS
adminwhiz.ca,adminwhiz.ca,31-aug-2023,1693440000.0,Promo People Inc.
admiralgruop.co,admiralgruop.co,11-sep-2023,1694390400.0,CCI REG S.A.
admissionshelpu.com,admissionshelpu.com,25-apr-2023,1682380800.0,"NameCheap, Inc."
adnboliviagenex.com,adnboliviagenex.com,23-aug-2023,1692748800.0,"GoDaddy.com, LLC"
adnet8.com,adnet8.com,27-apr-2023,1682553600.0,Xin Net Technology Corporation
admpochep.ru,admpochep.ru,28-sep-2023,1695859200.0,BEGET-RU
adolocreative.com,adolocreative.com,18-mar-2023,1679097600.0,"DreamHost, LLC"
adonesigns.com,adonesigns.com,16-oct-2023,1697414400.0,"GoDaddy.com, LLC"
adoptioncity.com,adoptioncity.com,27-nov-2022,1669507200.0,Internet Domain Service BS Corp
adoulaspromise.com,adoulaspromise.com,30-may-2024,1717027200.0,"GoDaddy.com, LLC"
adowns.net,adowns.net,08-aug-2023,1691452800.0,DropCatch.com 567 LLC
adoptoagile.com,adoptoagile.com,27-aug-2023,1693094400.0,PDR Ltd. d/b/a PublicDomainRegistry.com
adolphrshiver.com,adolphrshiver.com,02-aug-2024,1722556800.0,"Wild West Domains, LLC"
adreonix.com,adreonix.com,22-jun-2023,1687392000.0,"GoDaddy.com, LLC"
adrianbiddell.com,adrianbiddell.com,15-mar-2023,1678838400.0,"GoDaddy.com, LLC"
adrianobedore.com.br,adrianobedore.com.br,20-jun-2023,1687219200.0,
adrimaklogistics.com,adrimaklogistics.com,16-feb-2023,1676505600.0,"Wild West Domains, LLC"
adroitshield.com,adroitshield.com,12-jan-2023,1673481600.0,PDR Ltd. d/b/a PublicDomainRegistry.com
adroitlandstyle.com,adroitlandstyle.com,21-aug-2023,1692576000.0,TLD Registrar Solutions Ltd.
adroitvista.com,adroitvista.com,20-may-2023,1684540800.0,Tucows Domains Inc.
adpages.in,adpages.in,14-nov-2022,1668384000.0,Endurance Digital Domain Technology LLP
adroittechnosys.com,adroittechnosys.com,01-aug-2025,1754006400.0,Dreamscape Networks International Pte Ltd
adrianabassi.com,adrianabassi.com,15-sep-2025,1757894400.0,"GoDaddy.com, LLC"
adsalsa.com,adsalsa.com,07-feb-2023,1675728000.0,"eNom, LLC"
adsanchar.com,adsanchar.com,14-jan-2023,1673654400.0,"GoDaddy.com, LLC"
adsalsa.it,adsalsa.it,01-aug-2023,1690848000.0,
adsbg.net,adsbg.net,14-nov-2022,1668384000.0,PDR Ltd. d/b/a PublicDomainRegistry.com
adshawk.com,adshawk.com,15-dec-2022,1671062400.0,"GoDaddy.com, LLC"
adsmedia.com,adsmedia.com,25-jun-2023,1687651200.0,Tucows Domains Inc.
adstargets.com,adstargets.com,17-apr-2024,1713312000.0,"eNom, LLC"
adstrip.com,adstrip.com,12-apr-2023,1681257600.0,CSL Computer Service Langenbach GmbH d/b/a joker.com
adsvoplay.co.uk,adsvoplay.co.uk,20-apr-2023,1681948800.0,
adtekz.com,adtekz.com,16-jun-2023,1686873600.0,"NameSilo, LLC"
adsreceive.com,adsreceive.com,30-may-2023,1685404800.0,Eranet International Limited
advancedhose.co.uk,advancedhose.co.uk,20-apr-2023,1681948800.0,
advancedinteriorsaviation.com,advancedinteriorsaviation.com,02-jan-2023,1672617600.0,"GoDaddy.com, LLC"
advancedridertraining.info,advancedridertraining.info,27-dec-2022,1672099200.0,Fastdomain Inc.
advancedinternet.net,advancedinternet.net,28-jan-2023,1674864000.0,"DreamHost, LLC"
advanceforkids.com,advanceforkids.com,20-dec-2023,1703030400.0,"GoDaddy.com, LLC"
adsxcell.com,adsxcell.com,31-mar-2023,1680220800.0,PDR Ltd. d/b/a PublicDomainRegistry.com
advancedturfcarellc.com,advancedturfcarellc.com,28-may-2025,1748390400.0,FastDomain Inc.
advancetrading.co,advancetrading.co,11-aug-2023,1691712000.0,"GoDaddy.com, LLC"
advancemoversuae.com,advancemoversuae.com,21-jul-2023,1689897600.0,"NameSilo, LLC"
advanceglazinggroup.co.uk,advanceglazinggroup.co.uk,09-nov-2022,1667952000.0,
advaitatours.com,advaitatours.com,23-mar-2023,1679529600.0,"GoDaddy.com, LLC"
adventurediscoverytravel.com,adventurediscoverytravel.com,10-aug-2023,1691625600.0,DropCatch.com 1222 LLC
adventures9.com,adventures9.com,03-mar-2023,1677801600.0,"OwnRegistrar, Inc."
advertisingmelbourne.com,advertisingmelbourne.com,22-jul-2023,1689984000.0,"NameCheap, Inc."
advbarnea.co.il,advbarnea.co.il,19-mar-2023,1679184000.0,Communigal Communication Ltd
advert-track.com,advert-track.com,24-nov-2022,1669248000.0,Internet Domain Service BS Corp
adverta.hr,adverta.hr,26-sep-2023,1695686400.0,
advidsjobs.com,advidsjobs.com,27-jul-2023,1690416000.0,Google LLC
advisingtree.com,advisingtree.com,08-feb-2023,1675814400.0,"Wild West Domains, LLC"
advisor.com.br,advisor.com.br,20-sep-2023,1695168000.0,
adwanelectric.com,adwanelectric.com,28-apr-2025,1745798400.0,"GoDaddy.com, LLC"
advqcoqo.co.uk,advqcoqo.co.uk,20-apr-2023,1681948800.0,
advocatura.org,advocatura.org,01-feb-2023,1675209600.0,"Internet Invest, Ltd. dba Imena.ua"
adwelgroup.com,adwelgroup.com,28-dec-2022,1672185600.0,PDR Ltd. d/b/a PublicDomainRegistry.com
adviceanalyst.com,adviceanalyst.com,24-nov-2022,1669248000.0,Tucows Domains Inc.
aecsmanuguru.in,aecsmanuguru.in,13-aug-2023,1691884800.0,Hosting Concepts B.V. d/b/a Openprovider
aec-tchad.com,aec-tchad.com,23-dec-2022,1671753600.0,BB-Online UK Limited
aehdee.com,aehdee.com,10-aug-2024,1723248000.0,"Wild West Domains, LLC"
aegbd.com,aegbd.com,27-oct-2023,1698364800.0,PDR Ltd. d/b/a PublicDomainRegistry.com
aeintelligence.com,aeintelligence.com,01-mar-2023,1677628800.0,Tucows Domains Inc.
aecudupi.com,aecudupi.com,12-may-2023,1683849600.0,Dreamscape Networks International Pte Ltd
aenias.com,aenias.com,25-apr-2023,1682380800.0,"Wild West Domains, LLC"
aemis.org,aemis.org,22-mar-2023,1679443200.0,"Acens Technologies, S.L.U."
aepthailand.com,aepthailand.com,17-aug-2025,1755388800.0,"TurnCommerce, Inc. DBA NameBright.com"
aerialprosurveys.com,aerialprosurveys.com,30-aug-2024,1724976000.0,"Network Solutions, LLC"
aeriator.com,aeriator.com,02-sep-2023,1693612800.0,"GoDaddy.com, LLC"
aerinlangworthy.com,aerinlangworthy.com,07-oct-2023,1696636800.0,FastDomain Inc.
aerobatictactics.com,aerobatictactics.com,23-nov-2022,1669161600.0,"GoDaddy.com, LLC"
aeroestetic.com,aeroestetic.com,02-dec-2023,1701475200.0,"Marcaria.com International, Inc."
aeromeister1880.com,aeromeister1880.com,19-may-2023,1684454400.0,Key-Systems GmbH
aero-source.net,aero-source.net,27-jan-2023,1674777600.0,"eNom, LLC"
aesculapiusvn.com,aesculapiusvn.com,21-jan-2023,1674259200.0,FastDomain Inc.
aesportsimages.com,aesportsimages.com,10-may-2023,1683676800.0,"GoDaddy.com, LLC"
aesservicesllp.com,aesservicesllp.com,10-aug-2026,1786320000.0,"GoDaddy.com, LLC"
a-exchange.com,a-exchange.com,20-mar-2023,1679270400.0,REGISTRAR OF DOMAIN NAMES REG.RU LLC
aerocareforms.com,aerocareforms.com,10-jun-2028,1844208000.0,"GoDaddy.com, LLC"
afagritrans.com,afagritrans.com,21-mar-2023,1679356800.0,"GoDaddy.com, LLC"
aerzteberatung.com,aerzteberatung.com,09-jul-2023,1688860800.0,"PSI-USA, Inc. dba Domain Robot"
afarincapital.com,afarincapital.com,25-nov-2025,1764028800.0,"GoDaddy.com, LLC"
affiliatebizsecrets.com,affiliatebizsecrets.com,13-jun-2023,1686614400.0,"NameCheap, Inc."
affiliatedominationelite.com,affiliatedominationelite.com,29-apr-2023,1682726400.0,"NameSilo, LLC"
affiniteegraphics.com,affiniteegraphics.com,07-jan-2023,1673049600.0,"GoDaddy.com, LLC"
affordabledepot.com,affordabledepot.com,06-dec-2022,1670284800.0,"GoDaddy.com, LLC"
affordableinspectionsinc.com,affordableinspectionsinc.com,03-nov-2024,1730592000.0,"GoDaddy.com, LLC"
affordablefurnishings.co.uk,affordablefurnishings.co.uk,05-jun-2023,1685923200.0,
affiliatemarketingnow.net,affiliatemarketingnow.net,07-oct-2023,1696636800.0,"Wild West Domains, LLC"
afgpanvel.com.br,afgpanvel.com.br,16-sep-2023,1694822400.0,
afis-az.com,afis-az.com,27-may-2023,1685145600.0,FastDomain Inc.
aflightabovevenus.com,aflightabovevenus.com,12-oct-2023,1697068800.0,"NameSilo, LLC"
aflsigorta.com,aflsigorta.com,29-mar-2023,1680048000.0,"IHS Telekom, Inc."
afmadeiras.com,afmadeiras.com,10-jan-2023,1673308800.0,"Hostinger, UAB"
afolog.com,afolog.com,27-feb-2023,1677456000.0,Atak Domain Bilgi Teknolojileri A.S.
africanchilli.com,africanchilli.com,30-oct-2023,1698624000.0,"TurnCommerce, Inc. DBA NameBright.com"
africaboundadventures.com,africaboundadventures.com,15-dec-2022,1671062400.0,Google LLC
africanotfacrio.co.uk,africanotfacrio.co.uk,20-apr-2023,1681948800.0,
africancodingacademy.com,africancodingacademy.com,09-feb-2023,1675900800.0,"DYNADOT, LLC"
afrihub.com,afrihub.com,28-apr-2023,1682640000.0,Tucows Domains Inc.
afrikfinancialgroup.com,afrikfinancialgroup.com,14-feb-2023,1676332800.0,"Wild West Domains, LLC"
africaredialysis.com,africaredialysis.com,24-mar-2023,1679616000.0,"NameCheap, Inc."
afrahtravel.com,afrahtravel.com,20-apr-2023,1681948800.0,"GoDaddy.com, LLC"
afrilog.fr,afrilog.fr,19-sep-2024,1726704000.0,SCALEWAY
afriquenouvelle.com,afriquenouvelle.com,22-nov-2022,1669075200.0,Wix.com Ltd.
afrimini.com,afrimini.com,12-dec-2022,1670803200.0,ALIBABA.COM SINGAPORE E-COMMERCE PRIVATE LIMITED
afroilgroup.com,afroilgroup.com,06-nov-2023,1699228800.0,PDR Ltd. d/b/a PublicDomainRegistry.com
afrrcs.ca,afrrcs.ca,24-jul-2023,1690156800.0,"Go Daddy Domains Canada, Inc"
afsw.it,afsw.it,20-mar-2023,1679270400.0,
aftechnology.ca,aftechnology.ca,29-jun-2023,1687996800.0,CENTRALNIC CANADA INC
after-oil.co.uk,after-oil.co.uk,18-jun-2023,1687046400.0,
afuabicourt.com,afuabicourt.com,24-jan-2023,1674518400.0,FastDomain Inc.
afshahin.com,afshahin.com,27-mar-2024,1711497600.0,"GoDaddy.com, LLC"
aftermarket.pl,aftermarket.pl,11-dec-2023,1702252800.0,
afterzed.com,afterzed.com,06-jan-2023,1672963200.0,Moniker Online Services LLC
agacoustics.com,agacoustics.com,09-dec-2025,1765238400.0,"Network Solutions, LLC"
agapediscountfurniture.com,agapediscountfurniture.com,27-may-2023,1685145600.0,Gname.com Pte. Ltd.
agarwalsoft.com,agarwalsoft.com,11-apr-2023,1681171200.0,"NameCheap, Inc."
agahmobilya.com,agahmobilya.com,22-feb-2028,1834790400.0,Nics Telekomunikasyon A.S.
a-gasparyan.ru,a-gasparyan.ru,29-mar-2023,1680048000.0,RU-CENTER-RU
agattoor.com,agattoor.com,17-oct-2023,1697500800.0,"Domainshype.com, LLC"
agazetanews.com.br,agazetanews.com.br,08-sep-2025,1757289600.0,
agbarnett.org,agbarnett.org,15-jan-2023,1673740800.0,"GoDaddy.com, LLC"
agacoinc.com,agacoinc.com,03-may-2023,1683072000.0,"GoDaddy.com, LLC"
agd-services.com,agd-services.com,12-jun-2023,1686528000.0,Launchpad.com Inc.
agelook.com,agelook.com,01-apr-2023,1680307200.0,"Name.com, Inc."
agctourism.com,agctourism.com,20-jul-2023,1689811200.0,"GoDaddy.com, LLC"
agencedetraduction.net,agencedetraduction.net,17-aug-2023,1692230400.0,Arcanes Technologies
agencerio.com.br,agencerio.com.br,16-may-2023,1684195200.0,
agenciaadonai.com.br,agenciaadonai.com.br,15-jan-2023,1673740800.0,
agenciacatraca.com.br,agenciacatraca.com.br,18-nov-2025,1763424000.0,
agenciaviveros.cl,agenciaviveros.cl,22-jul-2025,1753142400.0,NIC Chile
agency-performance.it,agency-performance.it,16-feb-2023,1676505600.0,
agenbandarbola.info,agenbandarbola.info,04-jan-2023,1672790400.0,"Name.com, Inc."
agency-taktika.com.ua,agency-taktika.com.ua,16-oct-2023,1697414400.0,ua.imena
agenfrozenfood.co.id,agenfrozenfood.co.id,08-oct-2023,1696723200.0,Digital Registra
agentlerebellion.com,agentlerebellion.com,12-feb-2024,1707696000.0,Gname.com Pte. Ltd.
agentlenderplus.com,agentlenderplus.com,16-feb-2023,1676505600.0,"GoDaddy.com, LLC"
agentreview.net,agentreview.net,16-jul-2024,1721088000.0,"GoDaddy.com, LLC"
agenziawindtre.com,agenziawindtre.com,12-mar-2023,1678579200.0,Tucows Domains Inc.
ageofheroesgame.com,ageofheroesgame.com,06-may-2023,1683331200.0,"GoDaddy.com, LLC"
agessentialoils.com,agessentialoils.com,24-jun-2023,1687564800.0,"GoDaddy.com, LLC"
aggiehealth.com,aggiehealth.com,16-may-2023,1684195200.0,ALIBABA.COM SINGAPORE E-COMMERCE PRIVATE LIMITED
agepengenharia.com.br,agepengenharia.com.br,12-jan-2023,1673481600.0,
agh-batiment.fr,agh-batiment.fr,20-may-2023,1684540800.0,SCALEWAY
agfmanu.com,agfmanu.com,07-aug-2023,1691366400.0,Tucows Domains Inc.
aggital.com,aggital.com,08-dec-2023,1701993600.0,"GoDaddy.com, LLC"
agility-research.com,agility-research.com,16-aug-2031,1944604800.0,Web Commerce Communications Limited dba WebNic.cc
agilityprocessing.net,agilityprocessing.net,10-oct-2023,1696896000.0,Dot Holding Inc.
agireviews.com,agireviews.com,08-oct-2023,1696723200.0,"Network Solutions, LLC"
aglaw.ca,aglaw.ca,04-mar-2023,1677888000.0,Tucows.com Co.
agmarina.com,agmarina.com,13-oct-2024,1728777600.0,"TurnCommerce, Inc. DBA NameBright.com"
ag-models.ru,ag-models.ru,14-dec-2023,1702512000.0,REGRU-RU
agoodquote.com,agoodquote.com,07-may-2024,1715040000.0,"TurnCommerce, Inc. DBA NameBright.com"
agorracreative.com,agorracreative.com,05-oct-2023,1696464000.0,"NameCheap, Inc."
agostomaglu.com,agostomaglu.com,16-aug-2023,1692144000.0,Realtime Register B.V.
agra-india.com,agra-india.com,18-jun-2023,1687046400.0,"GoDaddy.com, LLC"
agramgt.com,agramgt.com,16-jan-2024,1705363200.0,"GoDaddy.com, LLC"
agicoder.com,agicoder.com,12-feb-2023,1676160000.0,OVH sas
agreatbartender.com,agreatbartender.com,04-sep-2024,1725408000.0,"Wild West Domains, LLC"
agri44.fr,agri44.fr,17-feb-2023,1676592000.0,OVH
agri72.fr,agri72.fr,06-aug-2023,1691280000.0,GANDI
agri49.fr,agri49.fr,02-may-2023,1682985600.0,Société Française du Radiotéléphone - SFR
agriferreira.com,agriferreira.com,14-mar-2023,1678752000.0,"GoDaddy.com, LLC"
agriosa.ca,agriosa.ca,21-apr-2023,1682035200.0,"Go Daddy Domains Canada, Inc"
agrimetiersmartinique.fr,agrimetiersmartinique.fr,12-feb-2023,1676160000.0,AMEN / Agence des Médias Numériques
agristudy.com,agristudy.com,01-dec-2024,1733011200.0,"TurnCommerce, Inc. DBA NameBright.com"
agrischool.co.uk,agrischool.co.uk,21-mar-2023,1679356800.0,
agricolaeliseo.cl,agricolaeliseo.cl,04-feb-2023,1675468800.0,NIC Chile
agro1000tratores.com.br,agro1000tratores.com.br,25-jan-2023,1674604800.0,
agro-center.com.ua,agro-center.com.ua,31-may-2024,1717113600.0,ua.nic
agriturismolecicale.it,agriturismolecicale.it,31-jan-2023,1675123200.0,
agrodom-group.ru,agrodom-group.ru,28-oct-2023,1698451200.0,REGRU-RU
agrocuri.com.br,agrocuri.com.br,03-may-2023,1683072000.0,
agrogyanta.com,agrogyanta.com,06-feb-2023,1675641600.0,"PSI-USA, Inc. dba Domain Robot"
agroing.by,agroing.by,15-oct-2023,1697328000.0,Active Technologies LLC
agroimpex.com.br,agroimpex.com.br,20-mar-2023,1679270400.0,
agrolifebiotech.com,agrolifebiotech.com,28-jul-2023,1690502400.0,"GoDaddy.com, LLC"
agrosuplidorescr.com,agrosuplidorescr.com,23-oct-2023,1698019200.0,"GoDaddy.com, LLC"
agrotrio.ro,agrotrio.ro,15-jun-2023,1686787200.0,H88 Web Hosting S.R.L.
agrupacionlosdiomedistas.com,agrupacionlosdiomedistas.com,23-feb-2023,1677110400.0,"GoDaddy.com, LLC"
agrumaq.com,agrumaq.com,18-jan-2023,1674000000.0,"GoDaddy.com, LLC"
ag-scan.com,ag-scan.com,12-may-2024,1715472000.0,"GoDaddy.com, LLC"
agrovitaracoes.com.br,agrovitaracoes.com.br,18-oct-2025,1760745600.0,
aguamais.com,aguamais.com,17-sep-2023,1694908800.0,"GMO Internet, Inc. d/b/a Onamae.com"
aguasanado.com,aguasanado.com,09-jun-2023,1686268800.0,"Entorno Digital, S.A."
aguiaempreendimentos.com.br,aguiaempreendimentos.com.br,10-jan-2024,1704844800.0,
aguatirada.com.br,aguatirada.com.br,16-feb-2031,1928966400.0,
aguilapapao.com,aguilapapao.com,08-jun-2024,1717804800.0,"Wild West Domains, LLC"
aguasagrada.cl,aguasagrada.cl,11-aug-2023,1691712000.0,NIC Chile
aguirre.arq.br,aguirre.arq.br,24-jun-2023,1687564800.0,
ahimsapersada.com,ahimsapersada.com,18-oct-2023,1697587200.0,Dynadot14 LLC
ahinsashoes.cz,ahinsashoes.cz,05-aug-2023,1691193600.0,REG-INTERNET-CZ
ahlikunciqhu.com,ahlikunciqhu.com,03-nov-2023,1698969600.0,"Hostinger, UAB"
aguialarmas.com,aguialarmas.com,08-jun-2023,1686182400.0,PDR Ltd. d/b/a PublicDomainRegistry.com
ahly-1x2.com,ahly-1x2.com,18-sep-2023,1694995200.0,Internet Domain Service BS Corp
ahmedzakicars.com,ahmedzakicars.com,23-may-2023,1684800000.0,PDR Ltd. d/b/a PublicDomainRegistry.com
ahmethan.com,ahmethan.com,09-feb-2023,1675900800.0,PDR Ltd. d/b/a PublicDomainRegistry.com
ahomansikka.fi,ahomansikka.fi,04-jun-2023,1685836800.0,TNNet Oy
ahoramascotas.cl,ahoramascotas.cl,28-apr-2023,1682640000.0,NIC Chile
ahrcusa.org,ahrcusa.org,11-mar-2023,1678492800.0,"GoDaddy.com, LLC"
ahwatukeebuyersagent.com,ahwatukeebuyersagent.com,10-jan-2023,1673308800.0,"GoDaddy.com, LLC"
ai23023.com,ai23023.com,14-nov-2022,1668384000.0,"GoDaddy.com, LLC"
aiasiolcos.com,aiasiolcos.com,24-apr-2023,1682294400.0,Enartia Single Member S.A.
aicarealty.com,aicarealty.com,25-jul-2023,1690243200.0,FastDomain Inc.
aicas2.com,aicas2.com,05-aug-2023,1691193600.0,FastDomain Inc.
aicatrading.com,aicatrading.com,13-sep-2023,1694563200.0,FastDomain Inc.
aiass.ru,aiass.ru,11-jan-2023,1673395200.0,REGRU-RU
aicraftms.com,aicraftms.com,10-may-2023,1683676800.0,"Japan Registry Services Co., Ltd."
aicai.it,aicai.it,14-feb-2023,1676332800.0,
aida-media.net,aida-media.net,09-jun-2023,1686268800.0,"NameCheap, Inc."
aide-adomicile.com,aide-adomicile.com,23-jul-2023,1690070400.0,Instra Corporation Pty Ltd.
aicplindia.com,aicplindia.com,07-feb-2027,1801958400.0,PDR Ltd. d/b/a PublicDomainRegistry.com
aieye.in,aieye.in,12-dec-2022,1670803200.0,"GoDaddy.com, LLC"
aidaluzvilla.com,aidaluzvilla.com,16-dec-2022,1671148800.0,OpenTLD B.V.
aifinance.fund,aifinance.fund,14-jan-2023,1673654400.0,"Xiamen ChinaSource Internet Service Co., Ltd"
aimpackersmovers.com,aimpackersmovers.com,19-nov-2022,1668816000.0,"OnlineNIC, Inc."
aimrescues.org,aimrescues.org,09-mar-2023,1678320000.0,"NameCheap, Inc."
aimstudio.fi,aimstudio.fi,02-may-2023,1682985600.0,Jakobstadsnejdens Telefon Ab
ainovaconsultores.com.br,ainovaconsultores.com.br,27-feb-2023,1677456000.0,
aikiwolf.com,aikiwolf.com,26-dec-2022,1672012800.0,Tucows Domains Inc.
aipaiwang.com,aipaiwang.com,26-jan-2023,1674691200.0,"Alibaba Cloud Computing (Beijing) Co., Ltd."
airbnbi.com,airbnbi.com,24-sep-2023,1695513600.0,Realtime Register B.V.
aircargopackersmovers.com,aircargopackersmovers.com,12-jul-2023,1689120000.0,"GoDaddy.com, LLC"
ainp.site,ainp.site,16-jul-2023,1689465600.0,"eNom, Inc."
airdalesystems.com,airdalesystems.com,18-jan-2024,1705536000.0,"GoDaddy.com, LLC"
airconditioningservicefresno.com,airconditioningservicefresno.com,04-may-2023,1683158400.0,"Register.com, Inc."
airdrop.center,airdrop.center,18-mar-2023,1679097600.0,"Sav.com, LLC - 2"
airbrigdecargo.com,airbrigdecargo.com,14-oct-2023,1697241600.0,PDR Ltd. d/b/a PublicDomainRegistry.com
airikinsulation.com,airikinsulation.com,05-oct-2023,1696464000.0,"GoDaddy.com, LLC"
airesdesalta.com.ar,airesdesalta.com.ar,09-apr-2023,1680998400.0,nicar
airmarry.com,airmarry.com,10-oct-2023,1696896000.0,Dynadot5 LLC
airportskyinn.com,airportskyinn.com,18-mar-2023,1679097600.0,"GoDaddy.com, LLC"
airesclimatizacion.cl,airesclimatizacion.cl,12-oct-2023,1697068800.0,NIC Chile
airriflesreview.com,airriflesreview.com,23-nov-2023,1700697600.0,"NameCheap, Inc."
airtankcovers.com,airtankcovers.com,01-jun-2023,1685577600.0,"GoDaddy.com, LLC"
aischbachhof-leadershiptrainings.com,aischbachhof-leadershiptrainings.com,26-dec-2022,1672012800.0,Vautron Rechenzentrum AG
airwaytherapeutics.com,airwaytherapeutics.com,12-dec-2022,1670803200.0,"GoDaddy.com, LLC"
airoticshow.com,airoticshow.com,29-nov-2028,1859068800.0,"GoDaddy.com, LLC"
airshaft.net,airshaft.net,12-jan-2023,1673481600.0,PDR Ltd. d/b/a PublicDomainRegistry.com
aishabilal.com,aishabilal.com,10-nov-2023,1699574400.0,"NameCheap, Inc."
aisiq.uk,aisiq.uk,26-apr-2023,1682467200.0,
aisumiindia.com,aisumiindia.com,27-aug-2023,1693094400.0,PDR Ltd. d/b/a PublicDomainRegistry.com
aislacontrol.com,aislacontrol.com,10-jul-2023,1688947200.0,Hosting Concepts B.V. d/b/a Registrar.eu
airportinfraexpo.com.br,airportinfraexpo.com.br,02-sep-2023,1693612800.0,
aisourcing.com,aisourcing.com,18-nov-2031,1952726400.0,PDR Ltd. d/b/a PublicDomainRegistry.com
aitatennis.com,aitatennis.com,01-oct-2023,1696118400.0,"GoDaddy.com, LLC"
aisd.org,aisd.org,30-apr-2032,1966896000.0,"Network Solutions, LLC"
aitipro.ru,aitipro.ru,12-jun-2023,1686528000.0,REGRU-RU
aithale.com,aithale.com,04-jul-2023,1688428800.0,PDR Ltd. d/b/a PublicDomainRegistry.com
aitglobalindia.com,aitglobalindia.com,20-feb-2025,1740009600.0,"GoDaddy.com, LLC"
aiztt.com,aiztt.com,27-jul-2023,1690416000.0,PDR Ltd. d/b/a PublicDomainRegistry.com
aiv.it,aiv.it,15-nov-2022,1668470400.0,
aiuffass.com,aiuffass.com,17-may-2023,1684281600.0,Gandi SAS
ajanish.com,ajanish.com,12-nov-2023,1699747200.0,"NameSilo, LLC"
ajalbrecht.cz,ajalbrecht.cz,11-jan-2023,1673395200.0,REG-WEDOS
ajeventos.com,ajeventos.com,06-apr-2023,1680739200.0,Tucows Domains Inc.
ajmgaragedoors.com,ajmgaragedoors.com,14-mar-2023,1678752000.0,"GoDaddy.com, LLC"
ajinkyajadhav.co.in,ajinkyajadhav.co.in,09-nov-2024,1731110400.0,"GoDaddy.com, LLC"
ajtakknews.com,ajtakknews.com,05-sep-2023,1693872000.0,"GoDaddy.com, LLC"
ajosalud.com,ajosalud.com,13-mar-2023,1678665600.0,"Soluciones Corporativas IP, SL"
ajwagarments.pk,ajwagarments.pk,14-may-2024,1715644800.0,
akademiamalegobiznesu.pl,akademiamalegobiznesu.pl,14-jun-2023,1686700800.0,
akanamarinetech.com,akanamarinetech.com,08-may-2025,1746662400.0,FBS Inc.
akaricity-namlong.com,akaricity-namlong.com,02-mar-2023,1677715200.0,"GMO Internet, Inc. d/b/a Onamae.com"
akamairesorts.com,akamairesorts.com,25-dec-2022,1671926400.0,FastDomain Inc.
akarigps-online.com,akarigps-online.com,09-feb-2023,1675900800.0,Tucows Domains Inc.
akarllc.com,akarllc.com,03-jun-2023,1685750400.0,"Sicherregister, LLC"
akautomation.in,akautomation.in,04-oct-2023,1696377600.0,Endurance Digital Domain Technology LLP
akb-37.ru,akb-37.ru,29-sep-2023,1695945600.0,REGRU-RU
akbick.com,akbick.com,05-jan-2023,1672876800.0,"GoDaddy.com, LLC"
akbarjaffer.com,akbarjaffer.com,15-oct-2023,1697328000.0,"GMO Internet, Inc. d/b/a Onamae.com"
akenan.com,akenan.com,14-feb-2023,1676332800.0,"GoDaddy.com, LLC"
akaycorap.com,akaycorap.com,26-oct-2024,1729900800.0,Nics Telekomunikasyon A.S.
akcesoriadosamochodu.com.pl,akcesoriadosamochodu.com.pl,14-jun-2023,1686700800.0,
akguler.com,akguler.com,15-feb-2023,1676419200.0,"OnlineNIC, Inc."
akggms.com.ng,akggms.com.ng,02-feb-2023,1675296000.0,Upperlink Limited
akira24.com,akira24.com,29-jan-2023,1674950400.0,P.A. Viet Nam Company Limited
akhisarberrakhaliyikama.com,akhisarberrakhaliyikama.com,22-feb-2023,1677024000.0,FBS Inc.
akiosurvey.com,akiosurvey.com,30-apr-2023,1682812800.0,"Ascio Technologies, Inc. Danmark - Filial af Ascio technologies, Inc. USA"
akitahub.com,akitahub.com,01-sep-2023,1693526400.0,"NameCheap, Inc."
akmeglobal.com,akmeglobal.com,26-sep-2023,1695686400.0,PDR Ltd. d/b/a PublicDomainRegistry.com
akmotorsport.se,akmotorsport.se,03-aug-2023,1691020800.0,EgenSajt.se
akosdoom.com,akosdoom.com,07-sep-2023,1694044800.0,MAFF Inc.
